observation_date,CES9091000001
1939-01-01,912
1939-02-01,925
1939-03-01,929
1939-04-01,933
1939-05-01,941
1939-06-01,948
1939-07-01,954
1939-08-01,962
1939-09-01,970
1939-10-01,968
1939-11-01,975
1939-12-01,977
1940-01-01,980
1940-02-01,984
1940-03-01,993
1940-04-01,997
1940-05-01,1007
1940-06-01,1020
1940-07-01,1037
1940-08-01,1051
1940-09-01,1072
1940-10-01,1106
1940-11-01,1139
1940-12-01,1149
1941-01-01,1201
1941-02-01,1225
1941-03-01,1247
1941-04-01,1290
1941-05-01,1335
1941-06-01,1381
1941-07-01,1418
1941-08-01,1472
1941-09-01,1529
1941-10-01,1557
1941-11-01,1601
1941-12-01,1606
1942-01-01,1756
1942-02-01,1834
1942-03-01,1949
1942-04-01,2053
1942-05-01,2134
1942-06-01,2205
1942-07-01,2332
1942-08-01,2583
1942-09-01,2630
1942-10-01,2734
1942-11-01,2825
1942-12-01,2799
1943-01-01,2956
1943-02-01,3027
1943-03-01,3055
1943-04-01,3062
1943-05-01,3082
1943-06-01,3128
1943-07-01,3106
1943-08-01,3025
1943-09-01,3016
1943-10-01,3025
1943-11-01,3050
1943-12-01,3045
1944-01-01,3041
1944-02-01,3030
1944-03-01,3021
1944-04-01,3022
1944-05-01,3028
1944-06-01,3043
1944-07-01,3070
1944-08-01,3095
1944-09-01,3107
1944-10-01,3122
1944-11-01,3144
1944-12-01,3138
1945-01-01,3134
1945-02-01,3134
1945-03-01,3120
1945-04-01,3092
1945-05-01,3065
1945-06-01,3066
1945-07-01,3053
1945-08-01,2992
1945-09-01,2786
1945-10-01,2691
1945-11-01,2652
1945-12-01,2566
1946-01-01,2564
1946-02-01,2527
1946-03-01,2488
1946-04-01,2477
1946-05-01,2432
1946-06-01,2370
1946-07-01,2353
1946-08-01,2319
1946-09-01,2267
1946-10-01,2234
1946-11-01,2177
1946-12-01,2163
1947-01-01,2143
1947-02-01,2110
1947-03-01,2077
1947-04-01,2035
1947-05-01,2002
1947-06-01,1946
1947-07-01,1909
1947-08-01,1896
1947-09-01,1901
1947-10-01,1912
1947-11-01,1916
1947-12-01,1948
1948-01-01,1889
1948-02-01,1884
1948-03-01,1884
1948-04-01,1889
1948-05-01,1901
1948-06-01,1942
1948-07-01,1964
1948-08-01,1981
1948-09-01,1998
1948-10-01,2011
1948-11-01,2029
1948-12-01,2049
1949-01-01,2025
1949-02-01,2008
1949-03-01,2004
1949-04-01,2011
1949-05-01,2027
1949-06-01,2025
1949-07-01,2027
1949-08-01,2011
1949-09-01,1991
1949-10-01,1957
1949-11-01,1943
1949-12-01,1974
1950-01-01,1921
1950-02-01,1903
1950-03-01,2038
1950-04-01,2032
1950-05-01,1951
1950-06-01,1914
1950-07-01,1947
1950-08-01,2019
1950-09-01,2067
1950-10-01,2113
1950-11-01,2147
1950-12-01,2190
1951-01-01,2225
1951-02-01,2273
1951-03-01,2315
1951-04-01,2357
1951-05-01,2403
1951-06-01,2436
1951-07-01,2466
1951-08-01,2473
1951-09-01,2478
1951-10-01,2493
1951-11-01,2505
1951-12-01,2532
1952-01-01,2518
1952-02-01,2513
1952-03-01,2515
1952-04-01,2522
1952-05-01,2533
1952-06-01,2548
1952-07-01,2556
1952-08-01,2547
1952-09-01,2543
1952-10-01,2543
1952-11-01,2534
1952-12-01,2582
1953-01-01,2526
1953-02-01,2509
1953-03-01,2486
1953-04-01,2466
1953-05-01,2446
1953-06-01,2428
1953-07-01,2406
1953-08-01,2388
1953-09-01,2374
1953-10-01,2350
1953-11-01,2339
1953-12-01,2310
1954-01-01,2329
1954-02-01,2313
1954-03-01,2309
1954-04-01,2301
1954-05-01,2295
1954-06-01,2282
1954-07-01,2278
1954-08-01,2277
1954-09-01,2277
1954-10-01,2283
1954-11-01,2295
1954-12-01,2296
1955-01-01,2283
1955-02-01,2281
1955-03-01,2285
1955-04-01,2289
1955-05-01,2293
1955-06-01,2302
1955-07-01,2302
1955-08-01,2306
1955-09-01,2306
1955-10-01,2307
1955-11-01,2298
1955-12-01,2283
1956-01-01,2301
1956-02-01,2302
1956-03-01,2302
1956-04-01,2305
1956-05-01,2312
1956-06-01,2312
1956-07-01,2319
1956-08-01,2322
1956-09-01,2329
1956-10-01,2339
1956-11-01,2333
1956-12-01,2335
1957-01-01,2345
1957-02-01,2346
1957-03-01,2347
1957-04-01,2344
1957-05-01,2340
1957-06-01,2328
1957-07-01,2328
1957-08-01,2323
1957-09-01,2311
1957-10-01,2293
1957-11-01,2274
1957-12-01,2331
1958-01-01,2281
1958-02-01,2282
1958-03-01,2281
1958-04-01,2282
1958-05-01,2285
1958-06-01,2297
1958-07-01,2298
1958-08-01,2301
1958-09-01,2306
1958-10-01,2311
1958-11-01,2297
1958-12-01,2356
1959-01-01,2339
1959-02-01,2336
1959-03-01,2336
1959-04-01,2330
1959-05-01,2331
1959-06-01,2334
1959-07-01,2333
1959-08-01,2329
1959-09-01,2333
1959-10-01,2342
1959-11-01,2353
1959-12-01,2407
1960-01-01,2333
1960-02-01,2334
1960-03-01,2523
1960-04-01,2511
1960-05-01,2387
1960-06-01,2353
1960-07-01,2346
1960-08-01,2349
1960-09-01,2351
1960-10-01,2351
1960-11-01,2340
1960-12-01,2403
1961-01-01,2356
1961-02-01,2360
1961-03-01,2366
1961-04-01,2367
1961-05-01,2378
1961-06-01,2388
1961-07-01,2397
1961-08-01,2406
1961-09-01,2413
1961-10-01,2419
1961-11-01,2418
1961-12-01,2428
1962-01-01,2433
1962-02-01,2439
1962-03-01,2443
1962-04-01,2445
1962-05-01,2454
1962-06-01,2465
1962-07-01,2468
1962-08-01,2470
1962-09-01,2470
1962-10-01,2469
1962-11-01,2477
1962-12-01,2433
1963-01-01,2480
1963-02-01,2484
1963-03-01,2484
1963-04-01,2485
1963-05-01,2482
1963-06-01,2473
1963-07-01,2470
1963-08-01,2469
1963-09-01,2475
1963-10-01,2476
1963-11-01,2470
1963-12-01,2445
1964-01-01,2474
1964-02-01,2473
1964-03-01,2472
1964-04-01,2472
1964-05-01,2473
1964-06-01,2446
1964-07-01,2441
1964-08-01,2452
1964-09-01,2454
1964-10-01,2461
1964-11-01,2478
1964-12-01,2467
1965-01-01,2473
1965-02-01,2471
1965-03-01,2474
1965-04-01,2476
1965-05-01,2479
1965-06-01,2470
1965-07-01,2486
1965-08-01,2499
1965-09-01,2511
1965-10-01,2521
1965-11-01,2533
1965-12-01,2548
1966-01-01,2563
1966-02-01,2590
1966-03-01,2616
1966-04-01,2640
1966-05-01,2663
1966-06-01,2688
1966-07-01,2705
1966-08-01,2721
1966-09-01,2742
1966-10-01,2767
1966-11-01,2791
1966-12-01,2799
1967-01-01,2814
1967-02-01,2823
1967-03-01,2835
1967-04-01,2839
1967-05-01,2848
1967-06-01,2860
1967-07-01,2866
1967-08-01,2872
1967-09-01,2869
1967-10-01,2873
1967-11-01,2872
1967-12-01,2876
1968-01-01,2871
1968-02-01,2865
1968-03-01,2859
1968-04-01,2861
1968-05-01,2861
1968-06-01,2908
1968-07-01,2909
1968-08-01,2883
1968-09-01,2868
1968-10-01,2864
1968-11-01,2873
1968-12-01,2849
1969-01-01,2910
1969-02-01,2903
1969-03-01,2889
1969-04-01,2889
1969-05-01,2883
1969-06-01,2928
1969-07-01,2909
1969-08-01,2899
1969-09-01,2896
1969-10-01,2889
1969-11-01,2876
1969-12-01,2861
1970-01-01,2861
1970-02-01,2849
1970-03-01,2921
1970-04-01,2996
1970-05-01,2919
1970-06-01,2867
1970-07-01,2838
1970-08-01,2824
1970-09-01,2829
1970-10-01,2827
1970-11-01,2830
1970-12-01,2824
1971-01-01,2823
1971-02-01,2816
1971-03-01,2806
1971-04-01,2810
1971-05-01,2808
1971-06-01,2827
1971-07-01,2837
1971-08-01,2849
1971-09-01,2848
1971-10-01,2845
1971-11-01,2839
1971-12-01,2824
1972-01-01,2839
1972-02-01,2831
1972-03-01,2823
1972-04-01,2822
1972-05-01,2817
1972-06-01,2814
1972-07-01,2787
1972-08-01,2806
1972-09-01,2807
1972-10-01,2811
1972-11-01,2812
1972-12-01,2812
1973-01-01,2805
1973-02-01,2796
1973-03-01,2798
1973-04-01,2796
1973-05-01,2800
1973-06-01,2790
1973-07-01,2761
1973-08-01,2782
1973-09-01,2788
1973-10-01,2791
1973-11-01,2801
1973-12-01,2813
1974-01-01,2817
1974-02-01,2833
1974-03-01,2838
1974-04-01,2846
1974-05-01,2853
1974-06-01,2859
1974-07-01,2869
1974-08-01,2874
1974-09-01,2876
1974-10-01,2875
1974-11-01,2875
1974-12-01,2874
1975-01-01,2873
1975-02-01,2873
1975-03-01,2875
1975-04-01,2874
1975-05-01,2875
1975-06-01,2871
1975-07-01,2885
1975-08-01,2886
1975-09-01,2891
1975-10-01,2893
1975-11-01,2893
1975-12-01,2897
1976-01-01,2887
1976-02-01,2882
1976-03-01,2876
1976-04-01,2872
1976-05-01,2866
1976-06-01,2850
1976-07-01,2854
1976-08-01,2855
1976-09-01,2855
1976-10-01,2853
1976-11-01,2864
1976-12-01,2850
1977-01-01,2851
1977-02-01,2851
1977-03-01,2854
1977-04-01,2858
1977-05-01,2857
1977-06-01,2853
1977-07-01,2852
1977-08-01,2860
1977-09-01,2865
1977-10-01,2867
1977-11-01,2872
1977-12-01,2870
1978-01-01,2881
1978-02-01,2881
1978-03-01,2879
1978-04-01,2881
1978-05-01,2881
1978-06-01,2886
1978-07-01,2892
1978-08-01,2902
1978-09-01,2908
1978-10-01,2915
1978-11-01,2919
1978-12-01,2899
1979-01-01,2916
1979-02-01,2912
1979-03-01,2905
1979-04-01,2883
1979-05-01,2880
1979-06-01,2882
1979-07-01,2884
1979-08-01,2925
1979-09-01,2884
1979-10-01,2887
1979-11-01,2886
1979-12-01,2886
1980-01-01,2886
1980-02-01,2907
1980-03-01,2960
1980-04-01,3258
1980-05-01,3088
1980-06-01,3076
1980-07-01,3023
1980-08-01,2980
1980-09-01,2936
1980-10-01,2958
1980-11-01,2960
1980-12-01,2961
1981-01-01,2961
1981-02-01,2946
1981-03-01,2932
1981-04-01,2915
1981-05-01,2904
1981-06-01,2908
1981-07-01,2912
1981-08-01,2921
1981-09-01,2920
1981-10-01,2920
1981-11-01,2913
1981-12-01,2907
1982-01-01,2902
1982-02-01,2894
1982-03-01,2890
1982-04-01,2872
1982-05-01,2855
1982-06-01,2873
1982-07-01,2876
1982-08-01,2885
1982-09-01,2876
1982-10-01,2890
1982-11-01,2896
1982-12-01,2896
1983-01-01,2921
1983-02-01,2910
1983-03-01,2908
1983-04-01,2902
1983-05-01,2904
1983-06-01,2905
1983-07-01,2908
1983-08-01,2913
1983-09-01,2935
1983-10-01,2928
1983-11-01,2920
1983-12-01,2923
1984-01-01,2920
1984-02-01,2922
1984-03-01,2926
1984-04-01,2931
1984-05-01,2937
1984-06-01,2941
1984-07-01,2945
1984-08-01,2950
1984-09-01,2955
1984-10-01,2957
1984-11-01,2962
1984-12-01,2964
1985-01-01,2964
1985-02-01,2961
1985-03-01,2973
1985-04-01,2996
1985-05-01,3008
1985-06-01,3019
1985-07-01,3029
1985-08-01,3037
1985-09-01,3038
1985-10-01,3039
1985-11-01,3046
1985-12-01,3051
1986-01-01,3055
1986-02-01,3056
1986-03-01,3055
1986-04-01,3052
1986-05-01,3043
1986-06-01,3027
1986-07-01,3023
1986-08-01,3035
1986-09-01,3043
1986-10-01,3045
1986-11-01,3046
1986-12-01,3051
1987-01-01,3060
1987-02-01,3064
1987-03-01,3072
1987-04-01,3073
1987-05-01,3078
1987-06-01,3085
1987-07-01,3089
1987-08-01,3094
1987-09-01,3100
1987-10-01,3111
1987-11-01,3122
1987-12-01,3126
1988-01-01,3125
1988-02-01,3119
1988-03-01,3113
1988-04-01,3107
1988-05-01,3100
1988-06-01,3099
1988-07-01,3104
1988-08-01,3119
1988-09-01,3141
1988-10-01,3153
1988-11-01,3159
1988-12-01,3156
1989-01-01,3158
1989-02-01,3159
1989-03-01,3152
1989-04-01,3142
1989-05-01,3143
1989-06-01,3137
1989-07-01,3135
1989-08-01,3133
1989-09-01,3127
1989-10-01,3124
1989-11-01,3121
1989-12-01,3098
1990-01-01,3103
1990-02-01,3109
1990-03-01,3194
1990-04-01,3259
1990-05-01,3435
1990-06-01,3332
1990-07-01,3274
1990-08-01,3174
1990-09-01,3136
1990-10-01,3114
1990-11-01,3108
1990-12-01,3110
1991-01-01,3098
1991-02-01,3096
1991-03-01,3095
1991-04-01,3086
1991-05-01,3096
1991-06-01,3103
1991-07-01,3133
1991-08-01,3121
1991-09-01,3121
1991-10-01,3131
1991-11-01,3128
1991-12-01,3121
1992-01-01,3137
1992-02-01,3121
1992-03-01,3121
1992-04-01,3117
1992-05-01,3119
1992-06-01,3117
1992-07-01,3117
1992-08-01,3109
1992-09-01,3107
1992-10-01,3090
1992-11-01,3083
1992-12-01,3101
1993-01-01,3092
1993-02-01,3079
1993-03-01,3071
1993-04-01,3069
1993-05-01,3065
1993-06-01,3067
1993-07-01,3071
1993-08-01,3064
1993-09-01,3057
1993-10-01,3039
1993-11-01,3036
1993-12-01,3037
1994-01-01,3053
1994-02-01,3046
1994-03-01,3043
1994-04-01,3034
1994-05-01,3027
1994-06-01,3017
1994-07-01,3009
1994-08-01,3002
1994-09-01,3002
1994-10-01,2997
1994-11-01,2984
1994-12-01,2983
1995-01-01,2973
1995-02-01,2970
1995-03-01,2965
1995-04-01,2964
1995-05-01,2959
1995-06-01,2959
1995-07-01,2949
1995-08-01,2943
1995-09-01,2929
1995-10-01,2934
1995-11-01,2913
1995-12-01,2903
1996-01-01,2900
1996-02-01,2905
1996-03-01,2900
1996-04-01,2894
1996-05-01,2887
1996-06-01,2884
1996-07-01,2877
1996-08-01,2873
1996-09-01,2866
1996-10-01,2845
1996-11-01,2845
1996-12-01,2839
1997-01-01,2845
1997-02-01,2838
1997-03-01,2836
1997-04-01,2816
1997-05-01,2813
1997-06-01,2815
1997-07-01,2778
1997-08-01,2777
1997-09-01,2772
1997-10-01,2791
1997-11-01,2796
1997-12-01,2789
1998-01-01,2772
1998-02-01,2768
1998-03-01,2762
1998-04-01,2752
1998-05-01,2762
1998-06-01,2762
1998-07-01,2771
1998-08-01,2776
1998-09-01,2772
1998-10-01,2778
1998-11-01,2790
1998-12-01,2785
1999-01-01,2765
1999-02-01,2773
1999-03-01,2767
1999-04-01,2793
1999-05-01,2764
1999-06-01,2766
1999-07-01,2765
1999-08-01,2773
1999-09-01,2766
1999-10-01,2766
1999-11-01,2767
1999-12-01,2771
2000-01-01,2768
2000-02-01,2796
2000-03-01,2884
2000-04-01,2911
2000-05-01,3244
2000-06-01,3004
2000-07-01,2942
2000-08-01,2868
2000-09-01,2745
2000-10-01,2736
2000-11-01,2737
2000-12-01,2745
2001-01-01,2753
2001-02-01,2752
2001-03-01,2755
2001-04-01,2755
2001-05-01,2758
2001-06-01,2780
2001-07-01,2783
2001-08-01,2780
2001-09-01,2770
2001-10-01,2763
2001-11-01,2759
2001-12-01,2751
2002-01-01,2756
2002-02-01,2757
2002-03-01,2755
2002-04-01,2755
2002-05-01,2768
2002-06-01,2768
2002-07-01,2757
2002-08-01,2762
2002-09-01,2768
2002-10-01,2780
2002-11-01,2781
2002-12-01,2780
2003-01-01,2789
2003-02-01,2789
2003-03-01,2791
2003-04-01,2769
2003-05-01,2753
2003-06-01,2763
2003-07-01,2760
2003-08-01,2751
2003-09-01,2749
2003-10-01,2742
2003-11-01,2728
2003-12-01,2740
2004-01-01,2732
2004-02-01,2731
2004-03-01,2731
2004-04-01,2753
2004-05-01,2730
2004-06-01,2730
2004-07-01,2729
2004-08-01,2729
2004-09-01,2729
2004-10-01,2724
2004-11-01,2727
2004-12-01,2728
2005-01-01,2727
2005-02-01,2728
2005-03-01,2733
2005-04-01,2725
2005-05-01,2734
2005-06-01,2733
2005-07-01,2728
2005-08-01,2731
2005-09-01,2732
2005-10-01,2735
2005-11-01,2739
2005-12-01,2733
2006-01-01,2727
2006-02-01,2733
2006-03-01,2733
2006-04-01,2733
2006-05-01,2734
2006-06-01,2736
2006-07-01,2740
2006-08-01,2733
2006-09-01,2732
2006-10-01,2731
2006-11-01,2729
2006-12-01,2730
2007-01-01,2731
2007-02-01,2732
2007-03-01,2731
2007-04-01,2732
2007-05-01,2733
2007-06-01,2729
2007-07-01,2727
2007-08-01,2738
2007-09-01,2737
2007-10-01,2734
2007-11-01,2744
2007-12-01,2756
2008-01-01,2738
2008-02-01,2747
2008-03-01,2752
2008-04-01,2755
2008-05-01,2757
2008-06-01,2759
2008-07-01,2767
2008-08-01,2766
2008-09-01,2768
2008-10-01,2772
2008-11-01,2778
2008-12-01,2775
2009-01-01,2786
2009-02-01,2795
2009-03-01,2797
2009-04-01,2922
2009-05-01,2860
2009-06-01,2814
2009-07-01,2826
2009-08-01,2825
2009-09-01,2826
2009-10-01,2843
2009-11-01,2842
2009-12-01,2831
2010-01-01,2860
2010-02-01,2872
2010-03-01,2923
2010-04-01,2984
2010-05-01,3416
2010-06-01,3193
2010-07-01,3051
2010-08-01,2945
2010-09-01,2869
2010-10-01,2866
2010-11-01,2866
2010-12-01,2870
2011-01-01,2874
2011-02-01,2876
2011-03-01,2877
2011-04-01,2870
2011-05-01,2871
2011-06-01,2860
2011-07-01,2862
2011-08-01,2850
2011-09-01,2846
2011-10-01,2850
2011-11-01,2842
2011-12-01,2836
2012-01-01,2833
2012-02-01,2828
2012-03-01,2828
2012-04-01,2826
2012-05-01,2823
2012-06-01,2824
2012-07-01,2815
2012-08-01,2820
2012-09-01,2822
2012-10-01,2824
2012-11-01,2809
2012-12-01,2806
2013-01-01,2806
2013-02-01,2806
2013-03-01,2794
2013-04-01,2794
2013-05-01,2775
2013-06-01,2771
2013-07-01,2761
2013-08-01,2754
2013-09-01,2753
2013-10-01,2739
2013-11-01,2746
2013-12-01,2741
2014-01-01,2736
2014-02-01,2731
2014-03-01,2728
2014-04-01,2728
2014-05-01,2728
2014-06-01,2729
2014-07-01,2731
2014-08-01,2735
2014-09-01,2735
2014-10-01,2735
2014-11-01,2740
2014-12-01,2743
2015-01-01,2745
2015-02-01,2747
2015-03-01,2748
2015-04-01,2763
2015-05-01,2753
2015-06-01,2754
2015-07-01,2756
2015-08-01,2760
2015-09-01,2759
2015-10-01,2759
2015-11-01,2766
2015-12-01,2776
2016-01-01,2771
2016-02-01,2778
2016-03-01,2783
2016-04-01,2785
2016-05-01,2792
2016-06-01,2797
2016-07-01,2800
2016-08-01,2803
2016-09-01,2806
2016-10-01,2804
2016-11-01,2798
2016-12-01,2815
2017-01-01,2813
2017-02-01,2812
2017-03-01,2810
2017-04-01,2798
2017-05-01,2808
2017-06-01,2805
2017-07-01,2806
2017-08-01,2802
2017-09-01,2799
2017-10-01,2802
2017-11-01,2791
2017-12-01,2794
2018-01-01,2794
2018-02-01,2790
2018-03-01,2792
2018-04-01,2800
2018-05-01,2793
2018-06-01,2798
2018-07-01,2799
2018-08-01,2801
2018-09-01,2805
2018-10-01,2805
2018-11-01,2809
2018-12-01,2808
2019-01-01,2808
2019-02-01,2810
2019-03-01,2811
2019-04-01,2827
2019-05-01,2829
2019-06-01,2833
2019-07-01,2829
2019-08-01,2854
2019-09-01,2852
2019-10-01,2837
2019-11-01,2842
2019-12-01,2837
2020-01-01,2855
2020-02-01,2857
2020-03-01,2876
2020-04-01,2875
2020-05-01,2876
2020-06-01,2883
2020-07-01,2908
2020-08-01,3156
2020-09-01,3123
2020-10-01,2981
2020-11-01,2892
2020-12-01,2897
2021-01-01,2886
2021-02-01,2882
2021-03-01,2885
2021-04-01,2895
2021-05-01,2887
2021-06-01,2888
2021-07-01,2888
2021-08-01,2887
2021-09-01,2886
2021-10-01,2876
2021-11-01,2888
2021-12-01,2881
2022-01-01,2878
2022-02-01,2874
2022-03-01,2869
2022-04-01,2867
2022-05-01,2863
2022-06-01,2852
2022-07-01,2862
2022-08-01,2859
2022-09-01,2863
2022-10-01,2869
2022-11-01,2875
2022-12-01,2873
2023-01-01,2882
2023-02-01,2890
2023-03-01,2897
2023-04-01,2905
2023-05-01,2914
2023-06-01,2923
2023-07-01,2928
2023-08-01,2942
2023-09-01,2948
2023-10-01,2955
2023-11-01,2957
2023-12-01,2966
2024-01-01,2977
2024-02-01,2985
2024-03-01,2997
2024-04-01,2995
2024-05-01,2998
2024-06-01,3000
2024-07-01,3002
2024-08-01,3004
2024-09-01,3008
2024-10-01,3011
2024-11-01,3009
2024-12-01,3012
2025-01-01,3015
2025-02-01,3002
2025-03-01,2998
2025-04-01,2989
